"0","Gx
"
"1","      "
"1","         [,1]"
"1","         [,2]"
"1","         [,3]"
"1","         [,4]"
"1","          [,5]"
"1","          [,6]"
"1","          [,7]"
"1","
  [1,]"
"1","  1.147073084"
"1","  0.117409169"
"1","  0.105836054"
"1","  0.321727253"
"1","  0.5473531585"
"1"," -0.1780319683"
"1"," -0.1854077526"
"1","
"
"1","      "
"1","         [,8]"
"1","          [,9]"
"1","        [,10]"
"1","         [,11]"
"1","         [,12]"
"1","         [,13]"
"1","
  [1,]"
"1","  0.047937255"
"1"," -1.533659e-03"
"1","  0.197678965"
"1","  0.4922008977"
"1"," -0.1855295748"
"1","  0.2434952107"
"1","
"
"1","      "
"1","         [,14]"
"1","         [,15]"
"1","         [,16]"
"1","         [,17]"
"1","         [,18]"
"1","        [,19]"
"1","
  [1,]"
"1"," -8.185883e-02"
"1","  0.4663302790"
"1"," -0.0952260538"
"1"," -0.2075240306"
"1","  0.2709495188"
"1","  0.294970654"
"1","
"
"1","      "
"1","         [,20]"
"1","         [,21]"
"1","        [,22]"
"1","        [,23]"
"1","         [,24]"
"1","         [,25]"
"1","
  [1,]"
"1","  0.0288443835"
"1","  0.1636684043"
"1","  0.179649270"
"1","  0.004236286"
"1","  3.741773e-01"
"1","  1.511982e-01"
"1","
"
"1","      "
"1","         [,26]"
"1","         [,27]"
"1","         [,28]"
"1","         [,29]"
"1","         [,30]"
"1","        [,31]"
"1","
  [1,]"
"1","  0.1871247272"
"1"," -0.2755230028"
"1"," -1.244191e-01"
"1"," -0.1454832746"
"1"," -1.540773e-01"
"1"," -0.135050859"
"1","
"
"1","      "
"1","         [,32]"
"1","         [,33]"
"1","         [,34]"
"1","         [,35]"
"1","        [,36]"
"1","        [,37]"
"1","
  [1,]"
"1"," -0.2113005208"
"1"," -1.011400e-01"
"1"," -0.2063611818"
"1"," -0.1361251099"
"1","  0.395861637"
"1","  0.128229201"
"1","
"
"1","      "
"1","         [,38]"
"1","         [,39]"
"1","         [,40]"
"1","         [,41]"
"1","         [,42]"
"1","         [,43]"
"1","
  [1,]"
"1","  0.4923891685"
"1","  0.1888523884"
"1"," -8.167056e-02"
"1"," -0.2667407251"
"1"," -6.326432e-02"
"1","  0.6060271902"
"1","
"
"1","      "
"1","         [,44]"
"1","        [,45]"
"1","         [,46]"
"1","         [,47]"
"1","        [,48]"
"1","         [,49]"
"1","
  [1,]"
"1","  0.3237428577"
"1","  0.090586121"
"1","  0.3969358881"
"1"," -0.2024850189"
"1"," -0.107153561"
"1","  0.1474881928"
"1","
"
"1","      "
"1","         [,50]"
"1","         [,51]"
"1","        [,52]"
"1","         [,53]"
"1","         [,54]"
"1","         [,55]"
"1","
  [1,]"
"1"," -3.187848e-02"
"1","  0.1128352964"
"1","  0.349137262"
"1","  0.3429797004"
"1","  0.3274307498"
"1"," -0.0273046049"
"1","
"
"1","      "
"1","         [,56]"
"1","         [,57]"
"1","        [,58]"
"1","         [,59]"
"1","        [,60]"
"1","        [,61]"
"1","         [,62]"
"1","
  [1,]"
"1","  0.1228468715"
"1"," -0.1264900763"
"1","  0.338771295"
"1","  0.4348890604"
"1","  0.346003108"
"1"," -0.089267838"
"1"," -0.2702292718"
"1","
"
"1","      "
"1","         [,63]"
"1","         [,64]"
"1","         [,65]"
"1","        [,66]"
"1","        [,67]"
"1","        [,68]"
"1","         [,69]"
"1","
  [1,]"
"1"," -0.2661205391"
"1"," -0.2651127367"
"1"," -0.1828494850"
"1","  0.241435307"
"1","  0.125128270"
"1","  0.166248821"
"1"," -0.1964714290"
"1","
"
"1","      "
"1","         [,70]"
"1","         [,71]"
"1","         [,72]"
"1","        [,73]"
"1","         [,74]"
"1","         [,75]"
"1","
  [1,]"
"1"," -1.615749e-01"
"1"," -0.1484623827"
"1"," -2.230398e-01"
"1","  0.150533749"
"1"," -0.1848207907"
"1","  0.1830935178"
"1","
"
"1","      "
"1","         [,76]"
"1","        [,77]"
"1","        [,78]"
"1","         [,79]"
"1","         [,80]"
"1","        [,81]"
"1","        [,82]"
"1","
  [1,]"
"1"," -0.1343088507"
"1","  0.142559929"
"1","  0.459076317"
"1","  0.1480751546"
"1","  0.2069596066"
"1"," -0.123931809"
"1","  0.184101320"
"1","
"
"1","      "
"1","         [,83]"
"1","         [,84]"
"1","         [,85]"
"1","         [,86]"
"1","         [,87]"
"1","         [,88]"
"1","
  [1,]"
"1"," -0.2411580499"
"1"," -0.1528812084"
"1"," -0.1252164800"
"1"," -0.1642217536"
"1","  0.2443811908"
"1","  0.2763429227"
"1","
"
"1","      "
"1","        [,89]"
"1","         [,90]"
"1","         [,91]"
"1","         [,92]"
"1","         [,93]"
"1","        [,94]"
"1","        [,95]"
"1","
  [1,]"
"1","  0.199539523"
"1","  0.0373719419"
"1","  0.0422669820"
"1","  0.0618139178"
"1","  0.0397640882"
"1","  0.114884125"
"1"," -0.219695182"
"1","
"
"1","      "
"1","         [,96]"
"1","         [,97]"
"1","         [,98]"
"1","         [,99]"
"1","        [,100]"
"1","       [,101]"
"1","
  [1,]"
"1","  0.4182437094"
"1","  0.1918204217"
"1"," -2.476368e-01"
"1"," -2.446134e-01"
"1"," -0.1453725271"
"1","  0.402727983"
"1","
"
"1","      "
"1","        [,102]"
"1","        [,103]"
"1","        [,104]"
"1","        [,105]"
"1","       [,106]"
"1","        [,107]"
"1","
  [1,]"
"1"," -0.2419886563"
"1"," -0.2937852675"
"1"," -0.1684744580"
"1"," -1.672341e-01"
"1","  0.211134788"
"1"," -0.1283838588"
"1","
"
"1","      "
"1","        [,108]"
"1","        [,109]"
"1","        [,110]"
"1","        [,111]"
"1","       [,112]"
"1","       [,113]"
"1","
  [1,]"
"1"," -0.2186541556"
"1"," -0.1373876315"
"1"," -0.2354102541"
"1","  0.1208312668"
"1","  0.395917011"
"1","  0.204667133"
"1","
"
"1","      "
"1","        [,114]"
"1","        [,115]"
"1","       [,116]"
"1","        [,117]"
"1","       [,118]"
"1","        [,119]"
"1","
  [1,]"
"1"," -0.2855235031"
"1"," -0.0395311302"
"1","  0.209717220"
"1"," -1.291148e-01"
"1","  0.077672961"
"1","  8.214716e-02"
"1","
"
"1","      "
"1","        [,120]"
"1","        [,121]"
"1","        [,122]"
"1","        [,123]"
"1","        [,124]"
"1","        [,125]"
"1","
  [1,]"
"1"," -0.2466511265"
"1"," -0.1798814517"
"1","  3.779205e-01"
"1"," -0.2917253638"
"1","  0.3753290486"
"1","  0.1136548280"
"1","
"
"1","      "
"1","        [,126]"
"1","       [,127]"
"1","        [,128]"
"1","        [,129]"
"1","       [,130]"
"1","        [,131]"
"1","       [,132]"
"1","
  [1,]"
"1"," -0.1505998096"
"1"," -0.164144230"
"1","  0.3717297545"
"1"," -0.1119267786"
"1","  0.180402353"
"1"," -0.0757566412"
"1"," -0.076709070"
"1","
"
"1","      "
"1","        [,133]"
"1","       [,134]"
"1","        [,135]"
"1","       [,136]"
"1","        [,137]"
"1","        [,138]"
"1","
  [1,]"
"1","  0.1441325432"
"1"," -0.080939625"
"1"," -0.1800807972"
"1","  0.271735826"
"1","  0.1720519909"
"1","  0.1427924983"
"1","
"
"1","      "
"1","        [,139]"
"1","       [,140]"
"1","        [,141]"
"1","        [,142]"
"1","        [,143]"
"1","        [,144]"
"1","
  [1,]"
"1"," -0.1331681513"
"1","  0.367034060"
"1"," -2.651349e-01"
"1","  0.4118092790"
"1","  0.3752626001"
"1","  0.7506523657"
"1","
"
"1","      "
"1","        [,145]"
"1","        [,146]"
"1","        [,147]"
"1","        [,148]"
"1","        [,149]"
"1","       [,150]"
"1","
  [1,]"
"1"," -0.1214067656"
"1"," -0.1356045966"
"1","  0.0830663653"
"1"," -0.2314344184"
"1"," -4.019562e-02"
"1"," -0.136291231"
"1","
"
"1","      "
"1","        [,151]"
"1","        [,152]"
"1","       [,153]"
"1","        [,154]"
"1","        [,155]"
"1","        [,156]"
"1","
  [1,]"
"1"," -0.2192854164"
"1"," -2.270045e-01"
"1","  0.383646187"
"1"," -0.0925902630"
"1","  0.1963942940"
"1"," -0.2297732057"
"1","
"
"1","      "
"1","        [,157]"
"1","       [,158]"
"1","        [,159]"
"1","        [,160]"
"1","       [,161]"
"1","        [,162]"
"1","
  [1,]"
"1","  0.2769298845"
"1","  0.165661859"
"1","  1.933709e-01"
"1"," -0.3837676207"
"1"," -0.397245593"
"1"," -4.035471e-01"
"1","
"
"1","      "
"1","        [,163]"
"1","       [,164]"
"1","       [,165]"
"1","        [,166]"
"1","        [,167]"
"1","        [,168]"
"1","
  [1,]"
"1"," -0.1741558054"
"1","  0.243041146"
"1"," -0.277926224"
"1","  0.0359765233"
"1"," -0.0905414340"
"1"," -0.2471494903"
"1","
"
"1","      "
"1","        [,169]"
"1","        [,170]"
"1","        [,171]"
"1","        [,172]"
"1","        [,173]"
"1","        [,174]"
"1","
  [1,]"
"1"," -2.285328e-01"
"1","  0.0983052229"
"1","  0.1339991459"
"1"," -0.0524996638"
"1","  0.0129521156"
"1"," -2.154757e-01"
"1","
"
"1","      "
"1","        [,175]"
"1","        [,176]"
"1","       [,177]"
"1","       [,178]"
"1","        [,179]"
"1","        [,180]"
"1","
  [1,]"
"1","  0.6237024931"
"1"," -0.2045670721"
"1","  0.193193691"
"1","  0.084694354"
"1","  2.346797e-01"
"1","  0.1839684232"
"1","
"
"1","      "
"1","        [,181]"
"1","        [,182]"
"1","        [,183]"
"1","        [,184]"
"1","        [,185]"
"1","       [,186]"
"1","
  [1,]"
"1"," -1.596368e-01"
"1","  2.737071e-01"
"1"," -2.745595e-01"
"1"," -0.2081331420"
"1"," -1.963939e-01"
"1","  0.073187687"
"1","
"
"1","      "
"1","        [,187]"
"1","        [,188]"
"1","        [,189]"
"1","        [,190]"
"1","        [,191]"
"1","        [,192]"
"1","
  [1,]"
"1","  0.1465800632"
"1"," -0.0463088779"
"1"," -0.2304376908"
"1","  2.115889e-01"
"1"," -0.2710266538"
"1"," -0.2713588964"
"1","
"
"1","      "
"1","        [,193]"
"1","       [,194]"
"1","        [,195]"
"1","       [,196]"
"1","        [,197]"
"1","        [,198]"
"1","       [,199]"
"1","
  [1,]"
"1"," -0.2655668015"
"1"," -0.143434446"
"1"," -0.1382293126"
"1","  0.056365140"
"1","  0.0975964388"
"1"," -0.2333060514"
"1","  0.126778408"
"1","
"
"1","      "
"1","        [,200]"
"1","       [,201]"
"1","       [,202]"
"1","        [,203]"
"1","        [,204]"
"1","       [,205]"
"1","       [,206]"
"1","
  [1,]"
"1"," -0.2369939435"
"1","  0.204877553"
"1","  0.200691297"
"1"," -0.2227407387"
"1"," -0.2793770162"
"1","  0.234591111"
"1","  0.495910939"
"1","
"
"1","      "
"1","        [,207]"
"1","        [,208]"
"1","        [,209]"
"1","        [,210]"
"1","        [,211]"
"1","       [,212]"
"1","
  [1,]"
"1","  0.2732419923"
"1"," -1.914546e-01"
"1"," -2.614691e-01"
"1"," -0.2502171964"
"1"," -0.3030659090"
"1"," -0.283352852"
"1","
"
"1","      "
"1","        [,213]"
"1","        [,214]"
"1","        [,215]"
"1","        [,216]"
"1","        [,217]"
"1","       [,218]"
"1","
  [1,]"
"1"," -1.981548e-01"
"1"," -0.2774167853"
"1","  3.947614e-02"
"1"," -0.0087765462"
"1","  0.0833875331"
"1","  0.165905504"
"1","
"
"1","      "
"1","       [,219]"
"1","        [,220]"
"1","        [,221]"
"1","        [,222]"
"1","       [,223]"
"1","        [,224]"
"1","
  [1,]"
"1","  0.321893374"
"1"," -0.2749360410"
"1"," -0.2039911850"
"1"," -1.449185e-01"
"1","  0.120775893"
"1"," -2.367060e-01"
"1","
"
"1","      "
"1","        [,225]"
"1","       [,226]"
"1","       [,227]"
"1","       [,228]"
"1","        [,229]"
"1","        [,230]"
"1","       [,231]"
"1","
  [1,]"
"1"," -0.2440817842"
"1","  0.160777894"
"1","  0.161874295"
"1","  0.124264440"
"1"," -0.1273539069"
"1"," -0.1606224594"
"1","  0.677736204"
"1","
"
"1","      "
"1","        [,232]"
"1","        [,233]"
"1","        [,234]"
"1","        [,235]"
"1","       [,236]"
"1","        [,237]"
"1","
  [1,]"
"1","  0.2646590602"
"1"," -0.2528419124"
"1","  0.1171987484"
"1","  0.1230240675"
"1"," -0.280340520"
"1"," -0.2662645108"
"1","
"
"1","      "
"1","        [,238]"
"1","       [,239]"
"1","       [,240]"
"1","        [,241]"
"1","        [,242]"
"1","        [,243]"
"1","
  [1,]"
"1"," -0.2769848700"
"1"," -0.141618186"
"1"," -0.155461625"
"1"," -0.1659826390"
"1"," -0.2614469941"
"1","  0.1825176308"
"1","
"
"1","      "
"1","        [,244]"
"1","        [,245]"
"1","        [,246]"
"1","        [,247]"
"1","        [,248]"
"1","        [,249]"
"1","
  [1,]"
"1"," -2.338266e-01"
"1","  1.935038e-01"
"1"," -0.2481572927"
"1","  1.790955e-01"
"1"," -0.2220319547"
"1"," -0.2528972862"
"1","
"
"1","      "
"1","        [,250]"
"1","       [,251]"
"1","       [,252]"
"1","        [,253]"
"1","       [,254]"
"1","        [,255]"
"1","        [,256]"
"1","
  [1,]"
"1"," -0.1865816762"
"1","  0.137642739"
"1","  0.584209930"
"1"," -0.1393589372"
"1"," -0.257216439"
"1"," -0.2603616685"
"1"," -0.2095617849"
"1","
"
"1","      "
"1","        [,257]"
"1","        [,258]"
"1","        [,259]"
"1","        [,260]"
"1","        [,261]"
"1","        [,262]"
"1","
  [1,]"
"1"," -0.2744155277"
"1","  0.1486510417"
"1","  0.0527658461"
"1"," -0.0091530877"
"1","  0.7122119044"
"1","  3.444859e-01"
"1","
"
"1","      "
"1","        [,263]"
"1","       [,264]"
"1","        [,265]"
"1","        [,266]"
"1","        [,267]"
"1","        [,268]"
"1","
  [1,]"
"1"," -0.1242086776"
"1","  0.140732595"
"1","  0.2252661703"
"1"," -0.0648812356"
"1"," -2.816695e-01"
"1"," -0.0767201446"
"1","
"
"1","      "
"1","        [,269]"
"1","        [,270]"
"1","        [,271]"
"1","        [,272]"
"1","        [,273]"
"1","        [,274]"
"1","
  [1,]"
"1"," -0.2040687083"
"1"," -0.1861276114"
"1","  0.1967043870"
"1"," -0.0320113741"
"1","  0.3348176088"
"1"," -0.0751918289"
"1","
"
"1","      "
"1","       [,275]"
"1","        [,276]"
"1","        [,277]"
"1","        [,278]"
"1","       [,279]"
"1","       [,280]"
"1","        [,281]"
"1","
  [1,]"
"1","  0.271071341"
"1"," -0.0382464590"
"1"," -1.319056e-01"
"1","  4.443469e-01"
"1","  0.223339164"
"1","  0.136778908"
"1","  0.3102981097"
"1","
"
"1","      "
"1","        [,282]"
"1","       [,283]"
"1","        [,284]"
"1","        [,285]"
"1","       [,286]"
"1","        [,287]"
"1","       [,288]"
"1","
  [1,]"
"1"," -0.1696373069"
"1","  0.120831267"
"1","  0.1505558989"
"1","  0.1625055554"
"1","  0.614222506"
"1","  0.0642392883"
"1","  0.087274771"
"1","
"
"1","      "
"1","        [,289]"
"1","        [,290]"
"1","        [,291]"
"1","        [,292]"
"1","        [,293]"
"1","        [,294]"
"1","
  [1,]"
"1"," -1.647976e-01"
"1"," -0.1704236142"
"1","  0.2610597661"
"1","  0.3411745160"
"1","  0.3133879653"
"1"," -0.1393035634"
"1","
"
"1","      "
"1","       [,295]"
"1","        [,296]"
"1","        [,297]"
"1","       [,298]"
"1","        [,299]"
"1","       [,300]"
"1","        [,301]"
"1","
  [1,]"
"1","  0.338915267"
"1","  0.3016155048"
"1"," -5.983115e-02"
"1","  0.228023783"
"1"," -0.0490332667"
"1","  0.779479943"
"1","  0.1685855938"
"1","
"
"1","      "
"1","       [,302]"
"1","        [,303]"
"1","        [,304]"
"1","        [,305]"
"1","       [,306]"
"1","        [,307]"
"1","
  [1,]"
"1"," -0.252354623"
"1"," -1.803909e-01"
"1","  0.3637005599"
"1"," -1.612648e-01"
"1"," -0.184721118"
"1"," -0.1159801375"
"1","
"
"1","      "
"1","        [,308]"
"1","        [,309]"
"1","       [,310]"
"1","        [,311]"
"1","       [,312]"
"1","        [,313]"
"1","
  [1,]"
"1"," -1.377309e-01"
"1"," -0.1265233006"
"1"," -0.040129167"
"1"," -0.1013393164"
"1"," -0.219850229"
"1"," -1.474657e-01"
"1","
"
"1","      "
"1","        [,314]"
"1","       [,315]"
"1","        [,316]"
"1","       [,317]"
"1","        [,318]"
"1","        [,319]"
"1","       [,320]"
"1","
  [1,]"
"1","  0.3765361965"
"1","  0.229950790"
"1","  0.2002483074"
"1","  0.218189404"
"1","  0.4840831051"
"1"," -1.112180e-01"
"1"," -0.090331014"
"1","
"
"1","      "
"1","        [,321]"
"1","        [,322]"
"1","        [,323]"
"1","       [,324]"
"1","        [,325]"
"1","        [,326]"
"1","
  [1,]"
"1"," -0.1708223053"
"1","  0.3878878164"
"1"," -0.1764704284"
"1","  0.096057048"
"1","  0.1204215010"
"1","  0.0565312615"
"1","
"
"1","      "
"1","        [,327]"
"1","       [,328]"
"1","        [,329]"
"1","        [,330]"
"1","        [,331]"
"1","        [,332]"
"1","
  [1,]"
"1","  6.192467e-02"
"1","  0.330276961"
"1","  0.0452350153"
"1"," -0.1462252829"
"1","  0.0674731156"
"1","  1.180737e-01"
"1","
"
"1","      "
"1","       [,333]"
"1","        [,334]"
"1","        [,335]"
"1","        [,336]"
"1","        [,337]"
"1","        [,338]"
"1","
  [1,]"
"1","  0.041746469"
"1","  0.1847658053"
"1"," -0.1841230814"
"1"," -0.2146561704"
"1","  0.0679161057"
"1"," -0.2212899463"
"1","
"
"1","      "
"1","        [,339]"
"1","       [,340]"
"1","        [,341]"
"1","        [,342]"
"1","        [,343]"
"1","        [,344]"
"1","
  [1,]"
"1"," -3.402698e-02"
"1","  0.402772282"
"1"," -0.1061900574"
"1"," -0.0474385025"
"1"," -1.557828e-01"
"1"," -0.1819967292"
"1","
"
"1","      "
"1","        [,345]"
"1","        [,346]"
"1","        [,347]"
"1","        [,348]"
"1","        [,349]"
"1","       [,350]"
"1","
  [1,]"
"1"," -4.622028e-02"
"1"," -0.1714092671"
"1","  0.2393200295"
"1","  0.2147008577"
"1","  0.1494705733"
"1","  0.258756218"
"1","
"
"1","      "
"1","        [,351]"
"1","        [,352]"
"1","        [,353]"
"1","       [,354]"
"1","        [,355]"
"1","        [,356]"
"1","
  [1,]"
"1"," -8.380799e-02"
"1"," -8.632574e-03"
"1","  1.175753e-01"
"1"," -0.211577390"
"1"," -0.2803405196"
"1"," -2.251661e-01"
"1","
"
"1","      "
"1","        [,357]"
"1","        [,358]"
"1","        [,359]"
"1","        [,360]"
"1","        [,361]"
"1","        [,362]"
"1","
  [1,]"
"1"," -0.2868967723"
"1"," -0.2858889699"
"1"," -0.2902524219"
"1"," -0.2207472835"
"1"," -2.192633e-01"
"1"," -0.2433065517"
"1","
"
"1","      "
"1","        [,363]"
"1","        [,364]"
"1","        [,365]"
"1","        [,366]"
"1","        [,367]"
"1","        [,368]"
"1","
  [1,]"
"1"," -0.1851198090"
"1"," -0.2702624960"
"1","  0.3036975580"
"1"," -0.2663641836"
"1"," -1.511868e-01"
"1"," -0.1743219266"
"1","
"
"1","      "
"1","        [,369]"
"1","        [,370]"
"1","        [,371]"
"1","        [,372]"
"1","        [,373]"
"1","        [,374]"
"1","
  [1,]"
"1"," -0.1634132967"
"1"," -0.1896272328"
"1"," -0.0257541397"
"1"," -0.1662705825"
"1"," -2.446355e-01"
"1"," -1.806678e-01"
"1","
"
"1","      "
"1","        [,375]"
"1","        [,376]"
"1","        [,377]"
"1","        [,378]"
"1","        [,379]"
"1","        [,380]"
"1","
  [1,]"
"1"," -0.2452778574"
"1"," -1.685741e-01"
"1"," -2.630971e-01"
"1","  0.0770638501"
"1","  0.0660444727"
"1","  0.2838405292"
"1","
"
"1","      "
"1","       [,381]"
"1","        [,382]"
"1","        [,383]"
"1","        [,384]"
"1","        [,385]"
"1","        [,386]"
"1","
  [1,]"
"1","  0.153590381"
"1","  2.756341e-01"
"1","  0.1599694374"
"1"," -0.1781759400"
"1"," -0.1930825551"
"1"," -0.1542101785"
"1","
"
"1","      "
"1","        [,387]"
"1","        [,388]"
"1","        [,389]"
"1","       [,390]"
"1","        [,391]"
"1","        [,392]"
"1","
  [1,]"
"1"," -0.1765590264"
"1","  0.0635194295"
"1","  0.2090970336"
"1"," -0.084129153"
"1","  0.2027733507"
"1"," -0.2691550209"
"1","
"
"1","      "
"1","        [,393]"
"1","        [,394]"
"1","       [,395]"
"1","        [,396]"
"1","        [,397]"
"1","        [,398]"
"1","
  [1,]"
"1"," -0.2315340912"
"1"," -0.2421880018"
"1","  0.320331834"
"1"," -3.119368e-01"
"1"," -0.2944386778"
"1"," -1.298125e-01"
"1","
"
"1","      "
"1","        [,399]"
"1","        [,400]"
"1","        [,401]"
"1","        [,402]"
"1","        [,403]"
"1","        [,404]"
"1","
  [1,]"
"1"," -0.2820238817"
"1"," -2.571057e-01"
"1"," -1.291259e-01"
"1"," -0.2930321844"
"1"," -0.2120093049"
"1"," -0.1455386483"
"1","
"
"1","      "
"1","        [,405]"
"1","        [,406]"
"1","        [,407]"
"1","       [,408]"
"1","        [,409]"
"1","        [,410]"
"1","
  [1,]"
"1"," -1.738346e-01"
"1","  0.0300626062"
"1"," -1.348737e-01"
"1","  0.128616817"
"1"," -0.2422987493"
"1"," -0.2203707420"
"1","
"
"1","      "
"1","        [,411]"
"1","       [,412]"
"1","       [,413]"
"1","        [,414]"
"1","        [,415]"
"1","        [,416]"
"1","       [,417]"
"1","
  [1,]"
"1"," -0.0220330233"
"1","  0.165263168"
"1","  0.177722264"
"1"," -0.1575658281"
"1"," -0.1730594050"
"1"," -0.1096896788"
"1","  0.192529206"
"1","
"
"1","      "
"1","        [,418]"
"1","       [,419]"
"1","        [,420]"
"1","        [,421]"
"1","       [,422]"
"1","        [,423]"
"1","
  [1,]"
"1"," -9.019812e-02"
"1","  0.146912306"
"1","  0.1522392611"
"1"," -1.966154e-01"
"1","  0.191299908"
"1"," -0.0827558840"
"1","
"
"1","      "
"1","        [,424]"
"1","        [,425]"
"1","        [,426]"
"1","        [,427]"
"1","        [,428]"
"1","        [,429]"
"1","
  [1,]"
"1"," -0.0196962508"
"1","  1.683198e-01"
"1"," -0.2057520705"
"1"," -0.1587065275"
"1"," -0.1390488442"
"1"," -0.1605338614"
"1","
"
"1","      "
"1","        [,430]"
"1","        [,431]"
"1","        [,432]"
"1","        [,433]"
"1","        [,434]"
"1","        [,435]"
"1","
  [1,]"
"1"," -1.596036e-01"
"1"," -0.1630367552"
"1"," -0.2173141107"
"1"," -0.2078119742"
"1","  0.0860122491"
"1"," -0.2510588775"
"1","
"
"1","      "
"1","        [,436]"
"1","      [,437]"
"1","        [,438]"
"1","        [,439]"
"1","        [,440]"
"1","       [,441]"
"1","        [,442]"
"1","
  [1,]"
"1"," -0.3066652031"
"1","  0.19574088"
"1"," -0.1168882671"
"1"," -0.1731812273"
"1"," -0.0815265866"
"1"," -0.249441964"
"1"," -1.566023e-01"
"1","
"
"1","      "
"1","        [,443]"
"1","        [,444]"
"1","        [,445]"
"1","        [,446]"
"1","        [,447]"
"1","        [,448]"
"1","
  [1,]"
"1"," -0.1010402982"
"1"," -0.1881432161"
"1"," -0.2683576388"
"1"," -2.234717e-01"
"1","  0.1489943590"
"1"," -0.0223984901"
"1","
"
"1","      "
"1","        [,449]"
"1","        [,450]"
"1","       [,451]"
"1","        [,452]"
"1","       [,453]"
"1","        [,454]"
"1","       [,455]"
"1","
  [1,]"
"1"," -0.1440214074"
"1","  2.727177e-02"
"1","  0.495589772"
"1","  0.1519734670"
"1"," -0.112469441"
"1"," -0.1957958692"
"1"," -0.192207650"
"1","
"
"1","      "
"1","       [,456]"
"1","        [,457]"
"1","        [,458]"
"1","        [,459]"
"1","        [,460]"
"1","       [,461]"
"1","
  [1,]"
"1","  0.186648513"
"1","  1.471560e-01"
"1"," -1.633690e-01"
"1"," -2.736071e-01"
"1"," -0.2653674560"
"1","  0.170412928"
"1","
"
"1","      "
"1","        [,462]"
"1","       [,463]"
"1","        [,464]"
"1","        [,465]"
"1","        [,466]"
"1","       [,467]"
"1","
  [1,]"
"1"," -2.274807e-01"
"1"," -0.143146502"
"1","  0.2084214737"
"1"," -0.0339605303"
"1"," -0.1490382697"
"1"," -0.259785781"
"1","
"
"1","      "
"1","        [,468]"
"1","        [,469]"
"1","        [,470]"
"1","        [,471]"
"1","        [,472]"
"1","        [,473]"
"1","
  [1,]"
"1","  0.1935813072"
"1"," -0.0762107060"
"1"," -0.2069259941"
"1"," -0.2478250501"
"1"," -2.737621e-01"
"1"," -2.525097e-01"
"1","
"
"1","      "
"1","       [,474]"
"1","        [,475]"
"1","        [,476]"
"1","        [,477]"
"1","        [,478]"
"1","        [,479]"
"1","
  [1,]"
"1"," -0.232021380"
"1"," -0.2202489197"
"1"," -2.439489e-01"
"1","  0.0640177933"
"1","  0.1497695916"
"1"," -0.1625162419"
"1","
"
"1","      "
"1","       [,480]"
"1","        [,481]"
"1","        [,482]"
"1","        [,483]"
"1","        [,484]"
"1","        [,485]"
"1","
  [1,]"
"1","  0.081715246"
"1","  0.0514922497"
"1","  0.1384954949"
"1"," -0.1951313841"
"1"," -0.2836518702"
"1"," -0.1987417530"
"1","
"
"1","      "
"1","        [,486]"
"1","        [,487]"
"1","        [,488]"
"1","        [,489]"
"1","        [,490]"
"1","       [,491]"
"1","
  [1,]"
"1","  0.2752132980"
"1","  0.0414031514"
"1","  0.2682251301"
"1"," -2.349489e-02"
"1"," -0.1877334503"
"1","  0.248013709"
"1","
"
"1","      "
"1","        [,492]"
"1","        [,493]"
"1","       [,494]"
"1","        [,495]"
"1","        [,496]"
"1","        [,497]"
"1","
  [1,]"
"1","  0.1171876736"
"1","  1.497917e-01"
"1","  0.133965922"
"1","  0.1188267368"
"1"," -0.0510377966"
"1","  0.2260192534"
"1","
"
"1","      "
"1","        [,498]"
"1","       [,499]"
"1","        [,500]"
"1","        [,501]"
"1","       [,502]"
"1","       [,503]"
"1","        [,504]"
"1","
  [1,]"
"1"," -0.1288711478"
"1","  0.385827913"
"1"," -0.2553337314"
"1","  0.2554780915"
"1","  0.180435578"
"1"," -0.031734505"
"1"," -0.1830045316"
"1","
"
"1","      "
"1","        [,505]"
"1","        [,506]"
"1","        [,507]"
"1","        [,508]"
"1","        [,509]"
"1","        [,510]"
"1","
  [1,]"
"1"," -0.1828716345"
"1"," -6.316465e-02"
"1"," -0.1489607465"
"1"," -0.2562972348"
"1"," -0.1171651359"
"1"," -4.277603e-02"
"1","
"
"1","      "
"1","        [,511]"
"1","       [,512]"
"1","        [,513]"
"1","        [,514]"
"1","       [,515]"
"1","        [,516]"
"1","
  [1,]"
"1","  0.3703675601"
"1","  0.320774824"
"1","  0.1886419682"
"1","  0.1667914841"
"1","  0.151109636"
"1"," -0.2595199874"
"1","
"
"1","      "
"1","        [,517]"
"1","        [,518]"
"1","        [,519]"
"1","        [,520]"
"1","        [,521]"
"1","        [,522]"
"1","
  [1,]"
"1"," -1.820078e-01"
"1"," -0.1704789880"
"1"," -0.2342252557"
"1"," -0.1297792774"
"1"," -0.2828655628"
"1"," -0.1871907875"
"1","
"
"1","      "
"1","        [,523]"
"1","       [,524]"
"1","        [,525]"
"1","        [,526]"
"1","        [,527]"
"1","       [,528]"
"1","
  [1,]"
"1"," -0.1729486575"
"1"," -0.152427144"
"1","  0.1845332355"
"1"," -0.2804401923"
"1","  0.1662931203"
"1","  0.185308468"
"1","
"
"1","      "
"1","        [,529]"
"1","        [,530]"
"1","       [,531]"
"1","        [,532]"
"1","        [,533]"
"1","        [,534]"
"1","
  [1,]"
"1","  0.1910784134"
"1","  0.0618249925"
"1","  0.129580320"
"1"," -2.578256e-01"
"1"," -0.2081774410"
"1"," -0.2037918395"
"1","
"
"1","      "
"1","        [,535]"
"1","        [,536]"
"1","        [,537]"
"1","       [,538]"
"1","        [,539]"
"1","        [,540]"
"1","
  [1,]"
"1","  0.3360469062"
"1","  0.2816145042"
"1","  0.0142810858"
"1","  0.380456658"
"1","  3.197670e-01"
"1"," -1.990667e-02"
"1","
"
"1","      "
"1","        [,541]"
"1","        [,542]"
"1","        [,543]"
"1","        [,544]"
"1","        [,545]"
"1","        [,546]"
"1","
  [1,]"
"1"," -6.293208e-02"
"1","  0.2725996568"
"1"," -0.1771238387"
"1","  0.1671458761"
"1","  0.2214343064"
"1","  0.2083882495"
"1","
"
"1","      "
"1","       [,547]"
"1","        [,548]"
"1","       [,549]"
"1","        [,550]"
"1","        [,551]"
"1","        [,552]"
"1","
  [1,]"
"1","  0.032598724"
"1","  0.3508316990"
"1","  0.348251282"
"1"," -0.1883425616"
"1","  0.2532742160"
"1","  0.0694001223"
"1","
"
"1","      "
"1","        [,553]"
"1","        [,554]"
"1","        [,555]"
"1","        [,556]"
"1","        [,557]"
"1","        [,558]"
"1","
  [1,]"
"1","  0.1127577732"
"1","  0.3395908266"
"1","  0.1115838495"
"1","  0.2906515012"
"1","  0.1329581193"
"1","  0.1678768097"
"1","
"
"1","      "
"1","        [,559]"
"1","        [,560]"
"1","        [,561]"
"1","        [,562]"
"1","        [,563]"
"1","        [,564]"
"1","
  [1,]"
"1","  0.4041898502"
"1"," -0.0258870367"
"1"," -0.1054480491"
"1","  0.1415299767"
"1"," -1.111183e-01"
"1"," -0.0842620501"
"1","
"
"1","      "
"1","        [,565]"
"1","        [,566]"
"1","       [,567]"
"1","        [,568]"
"1","        [,569]"
"1","        [,570]"
"1","
  [1,]"
"1"," -0.0426209857"
"1"," -0.0157093404"
"1","  0.070762317"
"1"," -0.1412527196"
"1","  6.550181e-02"
"1"," -0.0161855547"
"1","
"
"1","      "
"1","        [,571]"
"1","        [,572]"
"1","        [,573]"
"1","        [,574]"
"1","        [,575]"
"1","        [,576]"
"1","
  [1,]"
"1","  0.1679986320"
"1","  0.0780605777"
"1"," -1.312301e-01"
"1"," -0.1521281253"
"1"," -0.1381960883"
"1","  0.0550250953"
"1","
"
"1","      "
"1","        [,577]"
"1","        [,578]"
"1","       [,579]"
"1","        [,580]"
"1","        [,581]"
"1","        [,582]"
"1","
  [1,]"
"1"," -0.1804573388"
"1","  0.0610386852"
"1","  0.384698288"
"1"," -1.768913e-01"
"1"," -0.0174813006"
"1"," -0.0413141651"
"1","
"
"1","      "
"1","        [,583]"
"1","        [,584]"
"1","        [,585]"
"1","        [,586]"
"1","        [,587]"
"1","        [,588]"
"1","
  [1,]"
"1"," -0.2904960664"
"1","  0.0320117624"
"1"," -2.307405e-02"
"1"," -8.687948e-03"
"1"," -0.0105817306"
"1"," -0.0265847460"
"1","
"
"1","      "
"1","        [,589]"
"1","        [,590]"
"1","        [,591]"
"1","        [,592]"
"1","        [,593]"
"1","        [,594]"
"1","
  [1,]"
"1"," -0.1402781415"
"1"," -0.1284503073"
"1"," -0.2936080715"
"1"," -0.2450120633"
"1","  0.2134604855"
"1"," -0.1396358060"
"1","
"
"1","      "
"1","        [,595]"
"1","        [,596]"
"1","       [,597]"
"1","       [,598]"
"1","        [,599]"
"1","
  [1,]"
"1"," -2.767744e-01"
"1"," -9.965595e-02"
"1"," -0.231301521"
"1","  0.039919135"
"1","  0.0892350017"
"1","
"
"1"," [ reached getOption(""max.print"") -- omitted 598 rows ]
"
